Time_Enquired,QueryId,ResultIds,Status,Feedback
14/8/23 9:32,1e243da5-38ae-4489-9aad-9d0427930bcf,"['1e243da5-38ae-4489-9aad-9d0427930bcf-ccefeeb2-5afd-4811-ae40-61980129d775', '1e243da5-38ae-4489-9aad-9d0427930bcf-451245c2-9656-44b9-bf22-aa972abc6c99', '1e243da5-38ae-4489-9aad-9d0427930bcf-1074f421-4a85-48cc-968d-51b527a3489c', '1e243da5-38ae-4489-9aad-9d0427930bcf-7c15db74-4e7e-4b00-bd62-bdab7969e78e', '1e243da5-38ae-4489-9aad-9d0427930bcf-2e1461ef-4743-40cc-ab7c-ccd48128f57f', '1e243da5-38ae-4489-9aad-9d0427930bcf-6f5c026a-1d47-4979-a50c-241f00b71ff0', '1e243da5-38ae-4489-9aad-9d0427930bcf-41eaca77-9b02-49c9-b657-7f6150595025', '1e243da5-38ae-4489-9aad-9d0427930bcf-24ee0d16-82e4-46a0-b051-3a50081505bc', '1e243da5-38ae-4489-9aad-9d0427930bcf-bf9791b4-37b9-4343-9ef6-a8906211b8ab', '1e243da5-38ae-4489-9aad-9d0427930bcf-29a959aa-f9e4-4e31-937e-8f87c2604b94']",RELEVANT,"{'ResponseMetadata': {'RequestId': '21c480c1-2c4a-4eda-89cc-6b10b1143f5d', 'HTTPStatusCode': 200, 'HTTPHeaders': {'x-amzn-requestid': '21c480c1-2c4a-4eda-89cc-6b10b1143f5d', 'content-type': 'application/x-amz-json-1.1', 'content-length': '0', 'date': 'Mon, 14 Aug 2023 01:32:24 GMT'}, 'RetryAttempts': 0}}"
14/8/23 9:32,1e243da5-38ae-4489-9aad-9d0427930bcf,"['1e243da5-38ae-4489-9aad-9d0427930bcf-ccefeeb2-5afd-4811-ae40-61980129d775', '1e243da5-38ae-4489-9aad-9d0427930bcf-451245c2-9656-44b9-bf22-aa972abc6c99', '1e243da5-38ae-4489-9aad-9d0427930bcf-1074f421-4a85-48cc-968d-51b527a3489c', '1e243da5-38ae-4489-9aad-9d0427930bcf-7c15db74-4e7e-4b00-bd62-bdab7969e78e', '1e243da5-38ae-4489-9aad-9d0427930bcf-2e1461ef-4743-40cc-ab7c-ccd48128f57f', '1e243da5-38ae-4489-9aad-9d0427930bcf-6f5c026a-1d47-4979-a50c-241f00b71ff0', '1e243da5-38ae-4489-9aad-9d0427930bcf-41eaca77-9b02-49c9-b657-7f6150595025', '1e243da5-38ae-4489-9aad-9d0427930bcf-24ee0d16-82e4-46a0-b051-3a50081505bc', '1e243da5-38ae-4489-9aad-9d0427930bcf-bf9791b4-37b9-4343-9ef6-a8906211b8ab', '1e243da5-38ae-4489-9aad-9d0427930bcf-29a959aa-f9e4-4e31-937e-8f87c2604b94']",RELEVANT,"{'ResponseMetadata': {'RequestId': 'edc4d150-1d1f-4d28-809d-079257a5b64a', 'HTTPStatusCode': 200, 'HTTPHeaders': {'x-amzn-requestid': 'edc4d150-1d1f-4d28-809d-079257a5b64a', 'content-type': 'application/x-amz-json-1.1', 'content-length': '0', 'date': 'Mon, 14 Aug 2023 01:32:27 GMT'}, 'RetryAttempts': 0}}"
14/8/23 9:33,a8f22637-7ef6-428b-a167-9c73bb40736e,"['a8f22637-7ef6-428b-a167-9c73bb40736e-c575c0f7-60d2-4173-b594-56a1890acf0c', 'a8f22637-7ef6-428b-a167-9c73bb40736e-2a52418a-4222-4376-a743-af02adb62bed', 'a8f22637-7ef6-428b-a167-9c73bb40736e-a5093cec-96a8-4869-a2cd-a1d1c0c5291a', 'a8f22637-7ef6-428b-a167-9c73bb40736e-115bcb8a-1712-43db-9ff1-071b85c66f8f', 'a8f22637-7ef6-428b-a167-9c73bb40736e-5e129d9f-6780-4940-8f29-46451a53750e', 'a8f22637-7ef6-428b-a167-9c73bb40736e-a759b789-1592-4acb-b4e3-cba5cf0f8348', 'a8f22637-7ef6-428b-a167-9c73bb40736e-2939c146-af6a-42ba-9a5c-f5516bb6eddc', 'a8f22637-7ef6-428b-a167-9c73bb40736e-2bf7c989-dce3-43b1-8cd8-bf83bc7dfab8', 'a8f22637-7ef6-428b-a167-9c73bb40736e-d4eae72a-d224-4497-a7c8-cbf912371a15', 'a8f22637-7ef6-428b-a167-9c73bb40736e-6d919179-2cf9-41bf-a89b-313bbad9cf68']",NOT_RELEVANT,"{'ResponseMetadata': {'RequestId': '3f585320-d16a-4284-b20e-2d2489d2ba76', 'HTTPStatusCode': 200, 'HTTPHeaders': {'x-amzn-requestid': '3f585320-d16a-4284-b20e-2d2489d2ba76', 'content-type': 'application/x-amz-json-1.1', 'content-length': '0', 'date': 'Mon, 14 Aug 2023 01:33:52 GMT'}, 'RetryAttempts': 0}}"
14/8/23 9:40,8050133d-b8fb-4753-bb8d-102f94a68a0b,"['8050133d-b8fb-4753-bb8d-102f94a68a0b-2bf18ffb-c9a8-4ad0-80dd-09bd18c66430', '8050133d-b8fb-4753-bb8d-102f94a68a0b-d0008b72-cee0-4a45-a6c8-dfe45bd7103f', '8050133d-b8fb-4753-bb8d-102f94a68a0b-80798874-20e9-4396-a6ab-61c82011e274', '8050133d-b8fb-4753-bb8d-102f94a68a0b-61a4960c-2fc8-465f-b50b-3633dc985e6f', '8050133d-b8fb-4753-bb8d-102f94a68a0b-a18af45f-1342-486f-b7d5-c9a59b0ab7c9', '8050133d-b8fb-4753-bb8d-102f94a68a0b-3d873451-7dd8-4dc6-b99a-226e08af80e5', '8050133d-b8fb-4753-bb8d-102f94a68a0b-43d9fe06-455e-4de9-bd99-f16e66e826d3', '8050133d-b8fb-4753-bb8d-102f94a68a0b-8a7d9ee6-55f7-4ad4-b5fc-6547a3f5d711', '8050133d-b8fb-4753-bb8d-102f94a68a0b-4d416f05-678c-4b88-99cc-8a39a239a803', '8050133d-b8fb-4753-bb8d-102f94a68a0b-86a2a216-3e57-4c74-8b17-0c5f75d526e5']",NOT_RELEVANT,"{'ResponseMetadata': {'RequestId': '537960b1-7840-4e2d-b823-1e63bc2f3be4', 'HTTPStatusCode': 200, 'HTTPHeaders': {'x-amzn-requestid': '537960b1-7840-4e2d-b823-1e63bc2f3be4', 'content-type': 'application/x-amz-json-1.1', 'content-length': '0', 'date': 'Mon, 14 Aug 2023 01:40:52 GMT'}, 'RetryAttempts': 0}}"
14/8/23 10:03,3adef70b-60d1-48d0-a2b0-347bcdd1fb64,"['3adef70b-60d1-48d0-a2b0-347bcdd1fb64-7b7c283c-7e81-4370-8b7f-b863b08579cc', '3adef70b-60d1-48d0-a2b0-347bcdd1fb64-aada5456-c038-4913-9c9a-3e8086a620f5', '3adef70b-60d1-48d0-a2b0-347bcdd1fb64-4d90eb59-dba0-4459-ade4-4316e8bd1357', '3adef70b-60d1-48d0-a2b0-347bcdd1fb64-8725fab2-6957-4fe4-9d8e-79659d375e20', '3adef70b-60d1-48d0-a2b0-347bcdd1fb64-2119fa66-8b1b-4bbd-b5ab-8f25e805d522', '3adef70b-60d1-48d0-a2b0-347bcdd1fb64-bd5b2f52-6b98-45dc-93df-871061ca3933', '3adef70b-60d1-48d0-a2b0-347bcdd1fb64-4722d569-0129-439e-a032-355fe36247e4', '3adef70b-60d1-48d0-a2b0-347bcdd1fb64-3bcc7ea3-cc04-4a68-a6b3-c372453a3c30', '3adef70b-60d1-48d0-a2b0-347bcdd1fb64-e1879211-6acc-437b-b143-a976ad0dcfec', '3adef70b-60d1-48d0-a2b0-347bcdd1fb64-8fc768b3-5bb2-4ea8-a9c9-ac5cc847f386']",RELEVANT,"{'ResponseMetadata': {'RequestId': 'fb71f55c-3b46-4d79-8cca-0f798455f753', 'HTTPStatusCode': 200, 'HTTPHeaders': {'x-amzn-requestid': 'fb71f55c-3b46-4d79-8cca-0f798455f753', 'content-type': 'application/x-amz-json-1.1', 'content-length': '0', 'date': 'Mon, 14 Aug 2023 02:03:17 GMT'}, 'RetryAttempts': 0}}"
14/8/23 10:57,edeb4303-2426-4cf2-8327-d77b245b4a02,['edeb4303-2426-4cf2-8327-d77b245b4a02-91c41884-5057-4a8b-a6eb-a72ee5b2e2af'],RELEVANT,"{'ResponseMetadata': {'RequestId': 'fd31a05f-34ef-4bcf-8fed-5fc9a7bef494', 'HTTPStatusCode': 200, 'HTTPHeaders': {'x-amzn-requestid': 'fd31a05f-34ef-4bcf-8fed-5fc9a7bef494', 'content-type': 'application/x-amz-json-1.1', 'content-length': '0', 'date': 'Mon, 14 Aug 2023 02:57:57 GMT'}, 'RetryAttempts': 0}}"2023-08-14 11:03:49,3e1ef957-4147-4a6d-8895-d3139d31a110,['3e1ef957-4147-4a6d-8895-d3139d31a110-8d8f8997-546b-48bf-a45c-1b1ccffc2354'],NOT_RELEVANT,"{'ResponseMetadata': {'RequestId': 'd5986bb2-a5bc-41c9-a60f-d24cb694fb3e', 'HTTPStatusCode': 200, 'HTTPHeaders': {'x-amzn-requestid': 'd5986bb2-a5bc-41c9-a60f-d24cb694fb3e', 'content-type': 'application/x-amz-json-1.1', 'content-length': '0', 'date': 'Mon, 14 Aug 2023 03:03:48 GMT'}, 'RetryAttempts': 0}}"
2023-08-14 11:16:43,ae3aa3d2-9012-4893-8468-fd5d8a564637,['ae3aa3d2-9012-4893-8468-fd5d8a564637-45b15a4b-c2d3-4a3b-8437-8320906b0a53'],NOT_RELEVANT,"{'ResponseMetadata': {'RequestId': 'ed802f10-5fcb-437e-8cc8-3da0be7f71ca', 'HTTPStatusCode': 200, 'HTTPHeaders': {'x-amzn-requestid': 'ed802f10-5fcb-437e-8cc8-3da0be7f71ca', 'content-type': 'application/x-amz-json-1.1', 'content-length': '0', 'date': 'Mon, 14 Aug 2023 03:16:42 GMT'}, 'RetryAttempts': 0}}"
2023-08-14 11:30:53,de98c24c-c5d7-4c67-b462-f5e434a91b07,['de98c24c-c5d7-4c67-b462-f5e434a91b07-c9819a4c-0d5c-43aa-9583-68b31c4eac5a'],NOT_RELEVANT,"{'ResponseMetadata': {'RequestId': '4b89334e-7e61-4e6f-ba9f-7f2ffedf633e', 'HTTPStatusCode': 200, 'HTTPHeaders': {'x-amzn-requestid': '4b89334e-7e61-4e6f-ba9f-7f2ffedf633e', 'content-type': 'application/x-amz-json-1.1', 'content-length': '0', 'date': 'Mon, 14 Aug 2023 03:30:52 GMT'}, 'RetryAttempts': 0}}"
2023-08-14 11:32:07,49acdfe9-85a0-47be-918c-e033dd35d5e1,['49acdfe9-85a0-47be-918c-e033dd35d5e1-1e924a9f-d7a8-4bcb-96b6-c64b5edf7c9f'],NOT_RELEVANT,"{'ResponseMetadata': {'RequestId': '116094eb-ffc3-4716-a34b-ec8fa4b64a56', 'HTTPStatusCode': 200, 'HTTPHeaders': {'x-amzn-requestid': '116094eb-ffc3-4716-a34b-ec8fa4b64a56', 'content-type': 'application/x-amz-json-1.1', 'content-length': '0', 'date': 'Mon, 14 Aug 2023 03:32:06 GMT'}, 'RetryAttempts': 0}}"
2023-08-14 11:32:58,e82e84a4-b4a6-4d82-b240-dcd86f1fb1fa,['e82e84a4-b4a6-4d82-b240-dcd86f1fb1fa-72c10707-f7c2-44a4-bb3b-dfaff5bd225f'],NOT_RELEVANT,"{'ResponseMetadata': {'RequestId': '6acf5ed1-bef3-43a5-8311-fd16a001621b', 'HTTPStatusCode': 200, 'HTTPHeaders': {'x-amzn-requestid': '6acf5ed1-bef3-43a5-8311-fd16a001621b', 'content-type': 'application/x-amz-json-1.1', 'content-length': '0', 'date': 'Mon, 14 Aug 2023 03:32:58 GMT'}, 'RetryAttempts': 0}}"
2023-08-14 11:33:27,09586cad-724f-424b-b61b-6143df02bb41,['09586cad-724f-424b-b61b-6143df02bb41-d7e56740-770c-4cd4-b660-8718eb2403d3'],NOT_RELEVANT,"{'ResponseMetadata': {'RequestId': 'e80febea-7070-450f-a8d9-33676a754578', 'HTTPStatusCode': 200, 'HTTPHeaders': {'x-amzn-requestid': 'e80febea-7070-450f-a8d9-33676a754578', 'content-type': 'application/x-amz-json-1.1', 'content-length': '0', 'date': 'Mon, 14 Aug 2023 03:33:26 GMT'}, 'RetryAttempts': 0}}"
2023-08-14 11:33:32,09586cad-724f-424b-b61b-6143df02bb41,['09586cad-724f-424b-b61b-6143df02bb41-d7e56740-770c-4cd4-b660-8718eb2403d3'],NOT_RELEVANT,"{'ResponseMetadata': {'RequestId': '750081d4-f2c3-4d46-b9a2-0879c9a467c9', 'HTTPStatusCode': 200, 'HTTPHeaders': {'x-amzn-requestid': '750081d4-f2c3-4d46-b9a2-0879c9a467c9', 'content-type': 'application/x-amz-json-1.1', 'content-length': '0', 'date': 'Mon, 14 Aug 2023 03:33:31 GMT'}, 'RetryAttempts': 0}}"
2023-08-14 11:34:18,83437e47-fd23-4eb5-af4a-6bd7cfaef6e4,['83437e47-fd23-4eb5-af4a-6bd7cfaef6e4-f1c6d380-8f59-40ba-b1ed-77375cfd7acd'],NOT_RELEVANT,"{'ResponseMetadata': {'RequestId': '18eec113-450d-493a-a5e5-2fc3b4d161f4', 'HTTPStatusCode': 200, 'HTTPHeaders': {'x-amzn-requestid': '18eec113-450d-493a-a5e5-2fc3b4d161f4', 'content-type': 'application/x-amz-json-1.1', 'content-length': '0', 'date': 'Mon, 14 Aug 2023 03:34:18 GMT'}, 'RetryAttempts': 0}}"
2023-08-14 11:42:47,076a16d2-c5d8-46af-80bf-3b378409c5b1,['076a16d2-c5d8-46af-80bf-3b378409c5b1-e222c9f3-258e-4955-92e6-5cf88e5e11e2'],NOT_RELEVANT,"{'ResponseMetadata': {'RequestId': '25c04223-cb28-441a-a32d-1e3fa8430842', 'HTTPStatusCode': 200, 'HTTPHeaders': {'x-amzn-requestid': '25c04223-cb28-441a-a32d-1e3fa8430842', 'content-type': 'application/x-amz-json-1.1', 'content-length': '0', 'date': 'Mon, 14 Aug 2023 03:42:46 GMT'}, 'RetryAttempts': 0}}"
2023-08-14 11:43:34,84636db4-93b3-4441-802a-766f0e57bc05,['84636db4-93b3-4441-802a-766f0e57bc05-3a2aadc2-d860-4d45-b312-8dba45450341'],RELEVANT,"{'ResponseMetadata': {'RequestId': '172a50bb-4ab8-4c20-8d21-33cdd4435135', 'HTTPStatusCode': 200, 'HTTPHeaders': {'x-amzn-requestid': '172a50bb-4ab8-4c20-8d21-33cdd4435135', 'content-type': 'application/x-amz-json-1.1', 'content-length': '0', 'date': 'Mon, 14 Aug 2023 03:43:34 GMT'}, 'RetryAttempts': 0}}"
2023-08-14 11:45:34,53361853-42b3-4fb0-a19c-90610c4255f1,['53361853-42b3-4fb0-a19c-90610c4255f1-f93c4697-5b63-4553-a55d-89b7015ce574'],RELEVANT,"{'ResponseMetadata': {'RequestId': '235266c6-6e63-4d81-a949-5ed83d015329', 'HTTPStatusCode': 200, 'HTTPHeaders': {'x-amzn-requestid': '235266c6-6e63-4d81-a949-5ed83d015329', 'content-type': 'application/x-amz-json-1.1', 'content-length': '0', 'date': 'Mon, 14 Aug 2023 03:45:34 GMT'}, 'RetryAttempts': 0}}"
2023-08-14 11:45:52,900f756d-43f6-403b-ab43-dc7673d39386,['900f756d-43f6-403b-ab43-dc7673d39386-77be9978-10ff-46fa-827a-a8ba4fb0ce23'],RELEVANT,"{'ResponseMetadata': {'RequestId': '4f24e1f1-2b66-4c1d-843b-6512d0ee0d4d', 'HTTPStatusCode': 200, 'HTTPHeaders': {'x-amzn-requestid': '4f24e1f1-2b66-4c1d-843b-6512d0ee0d4d', 'content-type': 'application/x-amz-json-1.1', 'content-length': '0', 'date': 'Mon, 14 Aug 2023 03:45:52 GMT'}, 'RetryAttempts': 0}}"
2023-08-14 11:46:22,900f756d-43f6-403b-ab43-dc7673d39386,['900f756d-43f6-403b-ab43-dc7673d39386-77be9978-10ff-46fa-827a-a8ba4fb0ce23'],RELEVANT,"{'ResponseMetadata': {'RequestId': '6e9fed53-dbcf-47b6-93fc-fc1be95ba131', 'HTTPStatusCode': 200, 'HTTPHeaders': {'x-amzn-requestid': '6e9fed53-dbcf-47b6-93fc-fc1be95ba131', 'content-type': 'application/x-amz-json-1.1', 'content-length': '0', 'date': 'Mon, 14 Aug 2023 03:46:21 GMT'}, 'RetryAttempts': 0}}"
2023-08-14 11:47:15,0814803b-da60-4f7f-951b-f0c8fd009d36,['0814803b-da60-4f7f-951b-f0c8fd009d36-aca60e8b-da7c-4a93-9b45-fd7ba7a2129b'],NOT_RELEVANT,"{'ResponseMetadata': {'RequestId': '244498b6-f9c0-4d26-b331-1cf56f429115', 'HTTPStatusCode': 200, 'HTTPHeaders': {'x-amzn-requestid': '244498b6-f9c0-4d26-b331-1cf56f429115', 'content-type': 'application/x-amz-json-1.1', 'content-length': '0', 'date': 'Mon, 14 Aug 2023 03:47:14 GMT'}, 'RetryAttempts': 0}}"
2023-08-14 11:52:40,ae70adac-ccc7-44ff-ba56-99cba2c4570e,['ae70adac-ccc7-44ff-ba56-99cba2c4570e-e9c390fc-2317-484e-9c0d-0b02d31ca0d2'],NOT_RELEVANT,"{'ResponseMetadata': {'RequestId': '54718bf0-4843-4690-8ef5-5438d7d6b151', 'HTTPStatusCode': 200, 'HTTPHeaders': {'x-amzn-requestid': '54718bf0-4843-4690-8ef5-5438d7d6b151', 'content-type': 'application/x-amz-json-1.1', 'content-length': '0', 'date': 'Mon, 14 Aug 2023 03:52:40 GMT'}, 'RetryAttempts': 0}}"
2023-08-14 11:52:41,8815dec3-8a96-4fa6-91f4-55ad6d0b21a1,['8815dec3-8a96-4fa6-91f4-55ad6d0b21a1-bd18d28c-a3dd-4857-89e9-ef8c8f9e5536'],NOT_RELEVANT,"{'ResponseMetadata': {'RequestId': 'febecaba-b1df-401f-af92-eb5a33bc23b2', 'HTTPStatusCode': 200, 'HTTPHeaders': {'x-amzn-requestid': 'febecaba-b1df-401f-af92-eb5a33bc23b2', 'content-type': 'application/x-amz-json-1.1', 'content-length': '0', 'date': 'Mon, 14 Aug 2023 03:52:40 GMT'}, 'RetryAttempts': 0}}"
2023-08-14 11:53:12,1deb34bf-b5c7-4a26-b43e-d6b833049656,['1deb34bf-b5c7-4a26-b43e-d6b833049656-fd84ab05-cdff-46d7-bc4e-1dd33518cb59'],RELEVANT,"{'ResponseMetadata': {'RequestId': '5f9e3dfc-e18d-4a09-aaf7-049fa8325a53', 'HTTPStatusCode': 200, 'HTTPHeaders': {'x-amzn-requestid': '5f9e3dfc-e18d-4a09-aaf7-049fa8325a53', 'content-type': 'application/x-amz-json-1.1', 'content-length': '0', 'date': 'Mon, 14 Aug 2023 03:53:11 GMT'}, 'RetryAttempts': 0}}"
2023-08-14 11:53:17,1deb34bf-b5c7-4a26-b43e-d6b833049656,['1deb34bf-b5c7-4a26-b43e-d6b833049656-fd84ab05-cdff-46d7-bc4e-1dd33518cb59'],RELEVANT,"{'ResponseMetadata': {'RequestId': '0309d9de-d9c2-4267-94a3-b8fa9684fbc1', 'HTTPStatusCode': 200, 'HTTPHeaders': {'x-amzn-requestid': '0309d9de-d9c2-4267-94a3-b8fa9684fbc1', 'content-type': 'application/x-amz-json-1.1', 'content-length': '0', 'date': 'Mon, 14 Aug 2023 03:53:17 GMT'}, 'RetryAttempts': 0}}"
2023-08-14 13:49:02,1deb34bf-b5c7-4a26-b43e-d6b833049656,['1deb34bf-b5c7-4a26-b43e-d6b833049656-fd84ab05-cdff-46d7-bc4e-1dd33518cb59'],RELEVANT,"{'ResponseMetadata': {'RequestId': 'd43381f1-5b7f-4c92-a9ae-39649991ef4f', 'HTTPStatusCode': 200, 'HTTPHeaders': {'x-amzn-requestid': 'd43381f1-5b7f-4c92-a9ae-39649991ef4f', 'content-type': 'application/x-amz-json-1.1', 'content-length': '0', 'date': 'Mon, 14 Aug 2023 05:49:01 GMT'}, 'RetryAttempts': 1}}"
2023-08-14 13:50:25,155323b3-0b4c-4644-a14f-803c688ca9a2,['155323b3-0b4c-4644-a14f-803c688ca9a2-a319987f-eb28-48c7-97b1-762461651fdf'],NOT_RELEVANT,"{'ResponseMetadata': {'RequestId': '143a74ba-30bc-441e-9dc3-8341f6d31ea6', 'HTTPStatusCode': 200, 'HTTPHeaders': {'x-amzn-requestid': '143a74ba-30bc-441e-9dc3-8341f6d31ea6', 'content-type': 'application/x-amz-json-1.1', 'content-length': '0', 'date': 'Mon, 14 Aug 2023 05:50:25 GMT'}, 'RetryAttempts': 0}}"
2023-08-14 13:52:00,7a63d363-917f-4e46-a5cf-5e998af661e5,['7a63d363-917f-4e46-a5cf-5e998af661e5-50886e38-250a-41ed-bf24-b3590f1ee5f2'],NOT_RELEVANT,"{'ResponseMetadata': {'RequestId': '887ac931-d898-4c66-b1f2-0404d7afbdb9', 'HTTPStatusCode': 200, 'HTTPHeaders': {'x-amzn-requestid': '887ac931-d898-4c66-b1f2-0404d7afbdb9', 'content-type': 'application/x-amz-json-1.1', 'content-length': '0', 'date': 'Mon, 14 Aug 2023 05:51:59 GMT'}, 'RetryAttempts': 0}}"
2023-08-14 13:52:03,7a63d363-917f-4e46-a5cf-5e998af661e5,['7a63d363-917f-4e46-a5cf-5e998af661e5-50886e38-250a-41ed-bf24-b3590f1ee5f2'],NOT_RELEVANT,"{'ResponseMetadata': {'RequestId': 'b4f4034f-4429-4ba5-a16f-8c2e7724e8f1', 'HTTPStatusCode': 200, 'HTTPHeaders': {'x-amzn-requestid': 'b4f4034f-4429-4ba5-a16f-8c2e7724e8f1', 'content-type': 'application/x-amz-json-1.1', 'content-length': '0', 'date': 'Mon, 14 Aug 2023 05:52:02 GMT'}, 'RetryAttempts': 0}}"
2023-08-14 13:57:27,b5ecaf38-fc85-4799-88f1-4721e5b580a5,['b5ecaf38-fc85-4799-88f1-4721e5b580a5-9d9d8262-3c84-483f-a5ae-4299a25112f3'],NOT_RELEVANT,"{'ResponseMetadata': {'RequestId': '74e159bb-8463-4679-b802-31c1437d35bc', 'HTTPStatusCode': 200, 'HTTPHeaders': {'x-amzn-requestid': '74e159bb-8463-4679-b802-31c1437d35bc', 'content-type': 'application/x-amz-json-1.1', 'content-length': '0', 'date': 'Mon, 14 Aug 2023 05:57:26 GMT'}, 'RetryAttempts': 0}}"
2023-08-14 13:57:27,b5ecaf38-fc85-4799-88f1-4721e5b580a5,['b5ecaf38-fc85-4799-88f1-4721e5b580a5-9d9d8262-3c84-483f-a5ae-4299a25112f3'],NOT_RELEVANT,"{'ResponseMetadata': {'RequestId': '28e39dc3-d8f1-4520-abec-77da68da8075', 'HTTPStatusCode': 200, 'HTTPHeaders': {'x-amzn-requestid': '28e39dc3-d8f1-4520-abec-77da68da8075', 'content-type': 'application/x-amz-json-1.1', 'content-length': '0', 'date': 'Mon, 14 Aug 2023 05:57:26 GMT'}, 'RetryAttempts': 0}}"
2023-08-14 13:57:27,b5ecaf38-fc85-4799-88f1-4721e5b580a5,['b5ecaf38-fc85-4799-88f1-4721e5b580a5-9d9d8262-3c84-483f-a5ae-4299a25112f3'],NOT_RELEVANT,"{'ResponseMetadata': {'RequestId': 'ff33ab90-814e-4e16-a566-de989ac43f5f', 'HTTPStatusCode': 200, 'HTTPHeaders': {'x-amzn-requestid': 'ff33ab90-814e-4e16-a566-de989ac43f5f', 'content-type': 'application/x-amz-json-1.1', 'content-length': '0', 'date': 'Mon, 14 Aug 2023 05:57:27 GMT'}, 'RetryAttempts': 0}}"
2023-08-14 14:04:04,1f411eba-699e-4964-9482-1bbf76d7fe64,['1f411eba-699e-4964-9482-1bbf76d7fe64-bba401d8-2a56-44d9-b43c-7c49c930d88b'],NOT_RELEVANT,"{'ResponseMetadata': {'RequestId': '96ebbe61-6517-4592-9dc6-4e03f5bc0f6f', 'HTTPStatusCode': 200, 'HTTPHeaders': {'x-amzn-requestid': '96ebbe61-6517-4592-9dc6-4e03f5bc0f6f', 'content-type': 'application/x-amz-json-1.1', 'content-length': '0', 'date': 'Mon, 14 Aug 2023 06:04:04 GMT'}, 'RetryAttempts': 0}}"
2023-08-14 14:04:06,1f411eba-699e-4964-9482-1bbf76d7fe64,['1f411eba-699e-4964-9482-1bbf76d7fe64-bba401d8-2a56-44d9-b43c-7c49c930d88b'],NOT_RELEVANT,"{'ResponseMetadata': {'RequestId': '12e40a89-c7ba-470b-9472-b95a013c7421', 'HTTPStatusCode': 200, 'HTTPHeaders': {'x-amzn-requestid': '12e40a89-c7ba-470b-9472-b95a013c7421', 'content-type': 'application/x-amz-json-1.1', 'content-length': '0', 'date': 'Mon, 14 Aug 2023 06:04:06 GMT'}, 'RetryAttempts': 0}}"
2023-08-14 14:04:32,e3439c7b-1bce-47e7-a3a5-79b61816a59c,['e3439c7b-1bce-47e7-a3a5-79b61816a59c-17c0ec3c-168f-4f38-8203-ffafea45bef5'],NOT_RELEVANT,"{'ResponseMetadata': {'RequestId': 'ca44a0ff-4d0d-4cd0-89bd-2587a238f687', 'HTTPStatusCode': 200, 'HTTPHeaders': {'x-amzn-requestid': 'ca44a0ff-4d0d-4cd0-89bd-2587a238f687', 'content-type': 'application/x-amz-json-1.1', 'content-length': '0', 'date': 'Mon, 14 Aug 2023 06:04:31 GMT'}, 'RetryAttempts': 0}}"
2023-08-14 14:18:36,97e111f7-1035-482a-8724-ebbe7ac441c1,['97e111f7-1035-482a-8724-ebbe7ac441c1-17c705d6-7fb3-4fd1-85dd-d4217ffa9e5b'],NOT_RELEVANT,"{'ResponseMetadata': {'RequestId': '8b16bf05-a5b6-44b7-bfaa-23981e53d8db', 'HTTPStatusCode': 200, 'HTTPHeaders': {'x-amzn-requestid': '8b16bf05-a5b6-44b7-bfaa-23981e53d8db', 'content-type': 'application/x-amz-json-1.1', 'content-length': '0', 'date': 'Mon, 14 Aug 2023 06:18:36 GMT'}, 'RetryAttempts': 0}}"
2023-08-14 14:37:50,e9d02a0f-439d-4337-a1e8-256187d67371,['e9d02a0f-439d-4337-a1e8-256187d67371-7ab733e1-1611-44ca-9a04-b0d6a2cc316b'],RELEVANT,"{'ResponseMetadata': {'RequestId': '85317097-3a81-4a7d-bd70-4b2b4a7f81e7', 'HTTPStatusCode': 200, 'HTTPHeaders': {'x-amzn-requestid': '85317097-3a81-4a7d-bd70-4b2b4a7f81e7', 'content-type': 'application/x-amz-json-1.1', 'content-length': '0', 'date': 'Mon, 14 Aug 2023 06:37:50 GMT'}, 'RetryAttempts': 0}}"
2023-08-14 14:37:50,0bf51c67-8638-445c-ae5a-1c365bec5374,['0bf51c67-8638-445c-ae5a-1c365bec5374-f8d98c04-fc90-4ef2-9976-305a83d2be8b'],RELEVANT,"{'ResponseMetadata': {'RequestId': '6a0993fc-bd74-4410-b6f5-a8f15ad05d80', 'HTTPStatusCode': 200, 'HTTPHeaders': {'x-amzn-requestid': '6a0993fc-bd74-4410-b6f5-a8f15ad05d80', 'content-type': 'application/x-amz-json-1.1', 'content-length': '0', 'date': 'Mon, 14 Aug 2023 06:37:50 GMT'}, 'RetryAttempts': 0}}"
2023-08-14 14:43:00,a5ef9e55-47c5-41da-97aa-5acc7062709f,['a5ef9e55-47c5-41da-97aa-5acc7062709f-40e501ab-b174-4cd6-950c-7af877f5d731'],RELEVANT,"{'ResponseMetadata': {'RequestId': '034f4863-ac27-4323-9942-3d2861b42f64', 'HTTPStatusCode': 200, 'HTTPHeaders': {'x-amzn-requestid': '034f4863-ac27-4323-9942-3d2861b42f64', 'content-type': 'application/x-amz-json-1.1', 'content-length': '0', 'date': 'Mon, 14 Aug 2023 06:42:59 GMT'}, 'RetryAttempts': 0}}"
2023-08-14 14:43:02,0bf51c67-8638-445c-ae5a-1c365bec5374,['0bf51c67-8638-445c-ae5a-1c365bec5374-f8d98c04-fc90-4ef2-9976-305a83d2be8b'],RELEVANT,"{'ResponseMetadata': {'RequestId': '0f030522-99a4-462c-99c3-5b6329751b52', 'HTTPStatusCode': 200, 'HTTPHeaders': {'x-amzn-requestid': '0f030522-99a4-462c-99c3-5b6329751b52', 'content-type': 'application/x-amz-json-1.1', 'content-length': '0', 'date': 'Mon, 14 Aug 2023 06:43:01 GMT'}, 'RetryAttempts': 0}}"
2023-08-14 14:49:56,aed52cda-d81d-4843-bd16-279a95159bb0,['aed52cda-d81d-4843-bd16-279a95159bb0-2558d439-17c3-4074-9e07-a7f3dde835a7'],RELEVANT,"{'ResponseMetadata': {'RequestId': '46dae819-5a89-4433-906e-6b583b92be15', 'HTTPStatusCode': 200, 'HTTPHeaders': {'x-amzn-requestid': '46dae819-5a89-4433-906e-6b583b92be15', 'content-type': 'application/x-amz-json-1.1', 'content-length': '0', 'date': 'Mon, 14 Aug 2023 06:49:55 GMT'}, 'RetryAttempts': 0}}"
2023-08-14 14:58:20,caefe8b1-8631-4ec8-95a7-4fbda765dee9,"['caefe8b1-8631-4ec8-95a7-4fbda765dee9-f39265cb-818c-45c4-b251-79ba178b0d92', 'caefe8b1-8631-4ec8-95a7-4fbda765dee9-2969ae85-4aba-4011-9088-a6c83f5b398c', 'caefe8b1-8631-4ec8-95a7-4fbda765dee9-db487d03-87c8-4547-9030-146fd749324e']",RELEVANT,"{'ResponseMetadata': {'RequestId': 'b635261d-a67f-46f0-b7e3-28c215d74243', 'HTTPStatusCode': 200, 'HTTPHeaders': {'x-amzn-requestid': 'b635261d-a67f-46f0-b7e3-28c215d74243', 'content-type': 'application/x-amz-json-1.1', 'content-length': '0', 'date': 'Mon, 14 Aug 2023 06:58:19 GMT'}, 'RetryAttempts': 0}}"
2023-08-14 16:02:09,5abbfeb1-0fdb-4f09-8bdc-b11ed467d916,"['5abbfeb1-0fdb-4f09-8bdc-b11ed467d916-4780790d-d21c-4af6-88be-e9a52fe24acf', '5abbfeb1-0fdb-4f09-8bdc-b11ed467d916-6fb2744f-a305-4171-a3ab-9b2ce3be3049', '5abbfeb1-0fdb-4f09-8bdc-b11ed467d916-7a3419d2-972a-4353-91a4-fba0ee742b15']",RELEVANT,"{'ResponseMetadata': {'RequestId': '6cfaa17a-5830-4ef5-842a-37f2780e5f92', 'HTTPStatusCode': 200, 'HTTPHeaders': {'x-amzn-requestid': '6cfaa17a-5830-4ef5-842a-37f2780e5f92', 'content-type': 'application/x-amz-json-1.1', 'content-length': '0', 'date': 'Mon, 14 Aug 2023 08:02:08 GMT'}, 'RetryAttempts': 0}}"
